start_token	end_token	supersense_category	text
0	1	noun.location	Dymchurch Flit
4	4	noun.time	dusk
8	8	noun.time	September
9	9	noun.phenomenon	rain
10	10	verb.change	began
12	12	verb.change	fall
15	15	noun.animal	hop
17	17	noun.person	pickers
20	20	noun.person	mothers
21	21	verb.motion	wheeled
24	24	noun.person	perambulators
28	28	noun.artifact	gardens
30	30	noun.artifact	bins
32	33	verb.contact	put away
36	36	noun.artifact	tally
38	38	noun.artifact	books
39	40	verb.creation	made up
44	44	noun.person	couples
45	45	verb.motion	strolled
51	51	noun.artifact	umbrella
56	56	noun.person	men
57	57	verb.motion	walked
60	60	verb.body	laughing
62	62	noun.person	Dan
64	64	noun.person	Una
69	70	verb.contact	picking after
72	72	noun.act	lessons
74	75	verb.motion	marched off
77	77	verb.consumption	roast
78	78	noun.food	potatoes
81	83	noun.artifact	oast - house
87	87	noun.person	Hobden
93	93	noun.person	Bess
97	97	noun.animal	dog
99	99	verb.stative	lived
102	102	noun.time	month
105	105	verb.change	drying
107	107	noun.food	hops
110	110	verb.motion	settled
118	118	noun.artifact	sack
121	121	noun.artifact	cot
126	126	noun.artifact	fires
131	131	noun.person	Hobden
132	133	verb.motion	drew up
135	135	noun.artifact	shutter
137	137	verb.perception	stared
145	145	noun.object	bed
147	147	noun.substance	coals
148	148	verb.consumption	spouting
150	150	noun.phenomenon	heat
154	154	noun.artifact	well
160	160	noun.artifact	roundel
164	165	verb.contact	cracked off
169	169	noun.artifact	pieces
171	171	noun.substance	coal
173	173	verb.contact	packed
177	177	noun.body	fingers
180	180	verb.body	flinched
186	186	verb.social	do
188	188	noun.attribute	good
192	192	verb.contact	reached
196	196	noun.person	Dan
197	197	verb.contact	tilted
199	199	noun.food	potatoes
202	202	noun.substance	iron
203	203	noun.artifact	scoop
206	206	noun.body	hand
210	210	verb.contact	arranged
214	214	noun.artifact	fire
218	218	verb.contact	stood
221	221	noun.time	moment
226	226	noun.attribute	glare
230	230	verb.contact	closed
232	232	noun.artifact	shutter
235	235	noun.artifact	oast
237	237	noun.artifact	house
238	238	verb.perception	seemed
242	242	noun.time	day
244	244	noun.location	end
248	248	verb.weather	lit
250	250	noun.artifact	candle
253	253	noun.plant	lanthorn
256	256	noun.person	children
257	257	verb.emotion	liked
260	260	noun.cognition	things
263	263	verb.cognition	knew
269	270	noun.person	Bee Boy
272	272	noun.person	Hobden
274	274	noun.person	son
277	277	verb.stative	is
283	283	noun.body	head
288	288	verb.social	do
291	291	noun.animal	bees
293	293	verb.motion	slipped
297	297	noun.state	shadow
301	301	verb.cognition	guessed
304	304	noun.person	Bess
306	306	noun.plant	stump
308	308	noun.animal	tail
309	309	verb.motion	wagged
315	315	noun.communication	voice
316	316	verb.change	began
317	317	verb.communication	singing
321	321	noun.phenomenon	drizzle
324	326	noun.person	Old Mother Laidinwool
330	330	noun.time	months
331	331	verb.stative	been
335	335	verb.perception	heard
337	337	noun.plant	hops
339	340	verb.stative	doing well
344	345	verb.motion	popped up
347	347	noun.body	head
356	356	noun.group	people
357	357	verb.creation	made
359	359	verb.communication	holler
364	364	verb.communication	cried
365	366	noun.person	old Hobden
368	368	verb.motion	wheeling
374	374	verb.communication	says
379	379	noun.person	boys
382	382	verb.cognition	picked
386	386	verb.stative	was
395	395	verb.stative	be
408	408	noun.person	man
409	409	verb.perception	showed
412	412	noun.artifact	doorway
421	421	verb.communication	say
423	423	verb.contact	draw
436	436	noun.person	Tom
438	439	noun.person	Tom Shoesmith
442	442	noun.person	Hobden
443	443	verb.motion	lowered
445	445	noun.artifact	lanthorn
449	449	verb.stative	’re
451	451	noun.artifact	hem
455	455	verb.possession	makin
458	458	noun.cognition	mind
462	462	noun.person	Ralph
466	466	noun.person	stranger
467	468	verb.motion	strode in
472	472	noun.quantity	inches
475	475	noun.person	Hobden
485	485	noun.animal	giant
489	489	noun.body	eyes
492	492	verb.contact	shook
493	493	noun.body	hands
497	497	noun.person	children
499	499	verb.perception	hear
502	502	noun.body	palms
503	503	verb.communication	rasp
510	510	verb.possession	lost
515	515	noun.act	grip
518	518	verb.communication	said
519	519	noun.person	Hobden
527	527	noun.time	year
530	530	verb.contact	broke
532	532	noun.body	head
534	535	noun.group	Peasmarsh Fair
544	544	noun.attribute	odds
550	550	noun.body	heads
555	555	verb.possession	had
562	562	noun.act	hop
564	564	noun.artifact	pole
569	569	verb.change	get
572	572	noun.time	night
574	574	noun.person	Swimmin
580	580	noun.attribute	way
582	582	noun.animal	pheasant
583	583	verb.motion	come
585	585	noun.person	Gubbs
587	587	noun.artifact	pocket
592	592	noun.state	luck
596	596	noun.act	deal
603	604	noun.person	Old Hobden
605	605	verb.body	laughed
609	609	noun.body	chest
613	613	verb.cognition	see
617	617	verb.cognition	forgot
619	619	noun.location	way
622	622	noun.group	woods
625	625	verb.social	do
634	634	noun.person	stranger
635	635	verb.communication	pretended
637	637	verb.perception	look
640	640	noun.artifact	gun
642	642	noun.person	Hobden
643	643	verb.communication	answered
647	647	noun.event	movement
650	650	noun.body	hand
655	655	verb.contact	pegging
658	658	noun.animal	rabbit
660	660	noun.artifact	wire
670	670	verb.stative	left
674	674	noun.attribute	Age
687	687	noun.communication	news
691	691	noun.time	years
701	701	noun.location	Plymouth
705	705	verb.possession	bin
707	707	noun.location	Dover
715	715	noun.person	boys
719	719	noun.object	world
724	724	noun.person	man
725	725	verb.communication	answered
730	730	verb.cognition	reckon
732	732	verb.cognition	know
736	737	noun.location	Old England
739	739	noun.quantity	most
743	743	verb.motion	turned
746	746	noun.person	children
748	748	verb.body	winked
753	753	verb.communication	lay
755	755	verb.communication	told
758	758	noun.communication	sight
761	761	noun.communication	lies
769	769	noun.location	England
770	770	noun.substance	fur
772	772	noun.person	Wiltsheer
777	777	verb.social	cheated
781	781	noun.group	pair
783	783	noun.artifact	hedging
785	785	noun.artifact	gloves
788	788	verb.communication	said
789	789	noun.person	Hobden
796	796	verb.communication	talkin
802	802	verb.contact	cleaved
806	806	noun.location	parts
812	812	noun.person	Ralph
818	818	verb.change	shift
821	821	noun.plant	tree
829	829	noun.person	Hobden
830	830	verb.communication	chuckled
836	836	verb.stative	be
841	841	verb.change	die
844	844	verb.perception	look
848	848	verb.social	help
852	852	noun.artifact	hops
855	855	noun.time	night
860	860	noun.person	man
861	862	verb.contact	leaned against
864	864	noun.artifact	brick
866	866	noun.artifact	work
869	869	noun.artifact	roundel
872	872	verb.motion	swung
874	874	noun.body	arms
878	878	verb.social	Hire
882	882	verb.stative	was
885	885	verb.communication	said
889	889	verb.motion	stumped
891	891	verb.body	laughing
894	894	noun.person	children
895	895	verb.perception	heard
897	897	noun.artifact	shovels
898	898	verb.contact	rasp
901	901	noun.artifact	cloth
905	905	noun.substance	hops
906	906	verb.stative	lie
907	907	verb.change	drying
910	910	noun.artifact	fires
915	915	noun.substance	oasthouse
916	916	verb.change	filled
922	922	noun.attribute	smell
926	926	verb.motion	turned
930	930	verb.stative	is
934	934	noun.person	Una
935	935	verb.communication	whispered
938	939	noun.person	Bee Boy
953	953	verb.communication	said
957	957	verb.body	smiled
960	960	noun.person	voices
963	963	verb.contact	drying
965	965	noun.artifact	floor
966	966	verb.communication	talked
968	968	verb.communication	chuckled
974	974	noun.act	footsteps
975	975	verb.motion	moved
982	982	noun.act	hop
984	984	noun.artifact	pocket
985	985	verb.motion	dropped
988	988	noun.artifact	press
990	990	noun.object	hole
994	994	verb.change	stiffened
996	996	verb.change	fattened
999	999	verb.contact	shovelled
1007	1007	verb.stative	went
1009	1009	noun.group	press
1012	1012	verb.contact	rammed
1015	1015	noun.substance	stuff
1018	1018	noun.artifact	cake
1025	1025	verb.perception	heard
1026	1026	noun.person	Hobden
1027	1027	verb.communication	cry
1032	1032	verb.possession	bust
1034	1034	noun.plant	crop
1037	1037	verb.stative	lay
1042	1042	verb.stative	be
1046	1046	noun.person	Gleason
1048	1048	noun.animal	bull
1050	1050	noun.person	Tom
1055	1055	verb.contact	sit
1058	1058	noun.artifact	fires
1067	1068	verb.motion	came down
1072	1072	noun.person	Hobden
1073	1073	verb.contact	opened
1075	1075	noun.artifact	shutter
1077	1077	verb.communication	see
1080	1080	noun.food	potatoes
1083	1084	noun.person	Tom Shoesmith
1085	1085	verb.communication	said
1088	1088	noun.person	children
1094	1094	noun.food	salt
1100	1100	verb.perception	show
1103	1103	noun.cognition	sort
1106	1106	noun.person	man
1108	1108	verb.stative	be
1113	1113	verb.body	winked
1118	1119	noun.person	Bee Boy
1120	1120	verb.body	laughed
1122	1122	noun.person	Una
1123	1123	verb.perception	stared
1125	1125	noun.person	Dan
1129	1129	verb.cognition	know
1131	1131	noun.cognition	sort
1134	1134	noun.person	man
1136	1136	verb.stative	be
1140	1140	noun.person	Hobden
1141	1141	verb.communication	grunted
1143	1143	verb.contact	groping
1146	1146	noun.food	potatoes
1149	1149	noun.artifact	fire
1156	1156	noun.person	Tom
1157	1158	verb.motion	went on
1161	1161	noun.body	back
1169	1169	verb.stative	abide
1173	1174	noun.artifact	Church Bells
1183	1183	verb.communication	talkin
1190	1191	verb.communication	turned to
1192	1192	noun.person	Hobden
1196	1197	verb.motion	backing out
1201	1201	verb.communication	mind
1204	1204	noun.event	floods
1206	1206	noun.location	Robertsbridge
1210	1210	noun.person	miller
1212	1212	noun.person	man
1214	1214	verb.contact	drowned
1217	1217	noun.artifact	street
1226	1227	noun.person	Old Hobden
1228	1228	verb.body	let
1233	1233	noun.substance	coals
1236	1236	noun.event	fire
1238	1238	noun.artifact	door
1243	1243	verb.possession	courtin
1246	1246	noun.person	woman
1249	1249	noun.location	Marsh
1251	1251	noun.time	year
1253	1253	noun.person	Carter
1255	1257	noun.person	Mus ’ Plum
1259	1259	verb.stative	was
1261	1261	verb.possession	gettin
1264	1264	noun.artifact	shillin
1266	1266	noun.time	week
1269	1269	verb.stative	was
1271	1271	noun.person	Marsh
1272	1272	noun.person	woman
1279	1279	noun.artifact	gates
1280	1280	noun.location	place
1282	1283	noun.location	Romney Marsh
1286	1286	verb.communication	said
1287	1288	noun.person	Tom Shoesmith
1293	1293	verb.perception	heard
1294	1294	verb.communication	say
1296	1296	noun.object	world
1298	1298	verb.social	divided
1301	1301	noun.location	Europe
1313	1314	noun.location	Romney Marsh
1320	1320	noun.group	folk
1321	1321	verb.cognition	think
1325	1325	verb.communication	said
1326	1326	noun.person	Hobden
1330	1330	verb.possession	had
1335	1335	noun.cognition	trouble
1337	1337	verb.change	get
1339	1339	noun.person	woman
1341	1341	verb.cognition	leave
1349	1350	verb.change	come out
1355	1355	verb.cognition	forgot
1357	1357	noun.person	Ralph
1361	1361	noun.location	Dymchurch
1367	1367	noun.person	Hobden
1368	1368	verb.communication	answered
1371	1371	noun.food	potato
1374	1374	noun.body	hand
1380	1380	verb.stative	be
1386	1386	noun.person	Whitgift
1393	1393	noun.person	Whitgift
1396	1396	noun.person	Hobden
1397	1398	verb.contact	broke open
1400	1400	noun.food	potato
1402	1402	verb.consumption	ate
1407	1407	noun.state	neatness
1409	1409	noun.person	men
1411	1411	verb.creation	make
1415	1415	noun.food	meals
1418	1418	noun.substance	blowy
1423	1423	verb.change	growed
1425	1425	verb.stative	be
1442	1442	noun.time	year
1446	1446	verb.stative	was
1452	1452	noun.communication	bounds
1456	1456	verb.stative	was
1459	1459	noun.body	hand
1461	1461	noun.animal	bees
1465	1466	verb.contact	cut away
1469	1469	noun.artifact	piece
1471	1471	noun.food	potato
1473	1473	verb.contact	threw
1478	1478	noun.artifact	door
1485	1485	verb.perception	heard
1486	1486	verb.communication	say
1488	1488	noun.person	Whitgifts
1490	1490	verb.perception	see
1494	1494	noun.artifact	millstone
1499	1499	verb.communication	said
1500	1500	noun.person	Shoesmith
1511	1511	verb.stative	was
1519	1519	noun.person	mancin
1523	1523	verb.communication	said
1524	1524	noun.person	Hobden
1530	1530	verb.cognition	read
1531	1531	noun.communication	signs
1537	1537	noun.animal	birds
1541	1541	noun.object	stars
1545	1545	noun.animal	bees
1556	1556	verb.stative	lie
1561	1561	noun.communication	calls
1564	1564	verb.communication	said
1571	1571	verb.stative	prove
1575	1575	verb.communication	said
1576	1576	noun.person	Tom
1580	1580	noun.person	Marsh
1581	1581	noun.group	folk
1583	1583	verb.stative	been
1584	1584	noun.person	smugglers
1586	1586	noun.time	time
1592	1592	verb.stative	be
1595	1595	noun.body	blood
1597	1598	verb.perception	listen out
1601	1601	noun.time	nights
1607	1607	noun.person	ally
1611	1611	noun.person	Hobden
1612	1612	verb.communication	replied
1614	1614	verb.body	smiling
1618	1618	verb.communication	mind
1625	1625	noun.location	sight
1630	1630	noun.object	Marsh
1635	1635	verb.stative	was
1638	1638	noun.person	woman
1640	1640	noun.event	trouble
1645	1645	noun.act	passel
1650	1650	noun.cognition	sense
1651	1651	noun.person	talk’—he
1652	1652	verb.motion	dropped
1655	1655	noun.person	Pharisees
1659	1659	noun.communication	Yes
1663	1663	verb.perception	heard
1665	1665	noun.person	men
1671	1671	noun.person	Tom
1672	1672	verb.perception	looked
1679	1679	noun.person	children
1681	1681	noun.person	Bess
1684	1684	noun.person	Pharisees
1687	1687	verb.communication	cried
1688	1688	noun.person	Una
1691	1691	noun.person	Fairies
1700	1700	noun.group	People
1704	1704	noun.location	Hills
1707	1707	verb.communication	said
1709	1710	noun.person	Bee Boy
1712	1712	verb.contact	throwing
1713	1713	noun.quantity	half
1716	1716	noun.animal	potato
1719	1719	noun.artifact	door
1724	1724	verb.stative	be
1727	1727	verb.communication	said
1728	1728	noun.person	Hobden
1730	1730	verb.communication	pointing
1736	1736	noun.person	boy
1739	1739	verb.possession	has
1741	1741	noun.body	eyes
1746	1746	noun.artifact	gate
1747	1747	noun.cognition	senses
1753	1753	verb.communication	called
1762	1763	verb.cognition	think of
1774	1774	noun.person	Hobden
1775	1775	verb.communication	rumbled
1779	1779	noun.person	man
1781	1781	verb.consumption	uses
1782	1782	noun.substance	fields
1785	1785	verb.creation	shaws
1787	1787	noun.time	dark
1798	1799	verb.motion	go out
1802	1803	noun.artifact	road excep
1806	1806	noun.person	keepers
1811	1811	verb.contact	settin
1817	1817	verb.communication	said
1818	1818	noun.person	Tom
1824	1824	verb.perception	saw
1826	1826	verb.communication	throw
1834	1834	noun.artifact	doors
1840	1840	verb.cognition	believe
1849	1849	verb.stative	was
1853	1853	noun.body	eye
1856	1856	noun.artifact	tater
1859	1859	verb.communication	said
1860	1860	noun.person	Hobden
1867	1867	noun.body	eye
1870	1870	verb.perception	see
1876	1876	verb.perception	looked
1880	1880	verb.communication	meant
1889	1889	verb.consumption	need
1893	1893	verb.contact	settin
1899	1899	verb.cognition	believe
1910	1910	verb.communication	sayin
1917	1917	verb.perception	heard
1918	1918	noun.quantity	naught
1924	1924	verb.perception	seen
1932	1932	verb.communication	say
1934	1934	verb.stative	was
1936	1936	noun.cognition	things
1938	1938	noun.time	dark
1941	1941	noun.artifact	shaws
1943	1943	noun.animal	men
1946	1946	noun.substance	fur
1949	1949	noun.animal	feather
1952	1952	noun.animal	fin
1959	1959	verb.stative	go
1963	1963	verb.communication	call
1966	1966	noun.person	liar
1969	1969	verb.communication	turnagain
1971	1971	noun.person	Tom
1976	1976	noun.communication	say
1986	1986	verb.communication	say
1992	1992	verb.communication	tell
1995	1995	noun.communication	tale
2001	2001	verb.communication	fit
2006	2006	verb.emotion	please
2015	2015	noun.cognition	sense
2016	2016	noun.communication	stuff
2019	2019	verb.communication	growled
2020	2020	noun.person	Hobden
2024	2024	verb.change	filled
2026	2026	noun.artifact	pipe
2030	2031	noun.person	Marsh men
2033	2033	verb.communication	call
2035	2036	noun.person	Dymchurch Flit
2039	2039	noun.person	Tom
2040	2041	verb.communication	went on
2048	2048	verb.perception	heard
2054	2054	noun.person	woman
2057	2057	verb.communication	told
2063	2063	noun.event	times
2070	2070	verb.change	end
2072	2072	verb.social	belieftin
2079	2079	noun.person	Hobden
2080	2081	verb.motion	crossed over
2084	2084	verb.communication	spoke
2087	2087	verb.consumption	sucked
2090	2090	noun.artifact	pipe
2095	2095	noun.process	flame
2097	2097	noun.person	Tom
2098	2098	verb.contact	rested
2101	2101	noun.body	elbow
2105	2105	noun.body	knee
2109	2109	verb.contact	sat
2112	2112	noun.substance	coal
2118	2118	verb.motion	bin
2121	2121	noun.location	Marsh
2125	2125	verb.communication	said
2127	2127	noun.person	Dan
2134	2134	noun.location	Rye
2139	2139	noun.person	Dan
2140	2140	verb.communication	answered
2149	2149	noun.location	edge
2157	2157	noun.artifact	steeples
2161	2161	noun.artifact	churches
2166	2166	noun.person	women
2171	2171	noun.artifact	doors
2176	2176	noun.object	sea
2177	2177	verb.contact	settin
2181	2181	noun.location	land
2185	2185	noun.animal	ducks
2195	2195	verb.communication	meant
2196	2196	noun.artifact	ditches
2201	2201	noun.location	Marsh
2202	2202	verb.stative	is
2206	2206	noun.artifact	diks
2209	2209	noun.artifact	sluices
2213	2213	noun.artifact	tidegates
2216	2216	noun.substance	water
2218	2218	noun.quantity	lets
2222	2222	verb.perception	hear
2232	2232	noun.event	tide
2233	2233	verb.contact	works
2241	2241	verb.perception	hear
2243	2243	noun.object	sea
2255	2255	noun.artifact	Wall
2259	2259	verb.perception	seen
2263	2263	verb.stative	is
2266	2266	noun.location	Marsh
2270	2270	verb.cognition	think
2275	2275	verb.motion	walk
2286	2286	noun.person	diks
2290	2290	noun.substance	water
2295	2295	verb.motion	twists
2297	2297	noun.location	roads
2302	2302	noun.person	witch
2304	2304	noun.artifact	yarn
2307	2307	noun.artifact	spindles
2317	2317	noun.time	daylight
2328	2328	noun.substance	waters
2331	2331	noun.artifact	diks
2334	2334	verb.communication	said
2335	2335	noun.person	Hobden
2340	2340	verb.social	courted
2342	2342	noun.person	woman
2344	2344	noun.artifact	rushes
2345	2345	verb.stative	was
2352	2352	noun.artifact	rushes
2353	2353	verb.stative	was
2359	2359	noun.person	Bailiff
2366	2366	verb.motion	rode
2374	2374	noun.phenomenon	fog
2379	2379	verb.stative	was
2383	2383	verb.communication	said
2384	2384	noun.person	Dan
2390	2391	noun.state	Marsh fever
2394	2394	noun.state	ague
2397	2397	verb.contact	clapped
2401	2401	noun.body	shoulder
2407	2407	verb.motion	shook
2418	2418	noun.object	waters
2420	2421	verb.social	done away
2424	2424	noun.event	fevers
2428	2428	verb.creation	make
2430	2430	noun.communication	joke
2436	2436	noun.person	Bailiff
2440	2440	noun.location	Marshes
2441	2441	verb.change	broke
2443	2443	noun.body	neck
2446	2446	noun.artifact	dik
2450	2450	noun.location	place
2452	2452	noun.animal	bees
2455	2455	noun.food	ducks
2467	2467	noun.person	Tom
2468	2469	verb.communication	went on
2472	2472	noun.person	Flesh
2475	2475	noun.body	Blood
2480	2480	noun.time	Time
2495	2495	noun.person	Marshmen
2496	2496	verb.communication	say
2499	2499	noun.time	Time
2505	2505	noun.person	Pharisees
2506	2506	verb.emotion	favoured
2508	2508	noun.location	Marsh
2511	2511	noun.relation	rest
2513	2514	noun.location	Old England
2517	2517	verb.communication	lay
2519	2520	noun.person	Marsh men
2523	2523	verb.cognition	know
2527	2527	verb.stative	been
2532	2532	noun.person	father
2535	2535	noun.person	son
2541	2541	noun.artifact	thing
2547	2547	noun.substance	wool
2548	2548	verb.change	grew
2550	2550	noun.animal	sheep
2552	2552	noun.body	backs
2555	2555	verb.communication	say
2557	2557	verb.stative	was
2563	2563	noun.person	Pharisees
2566	2566	verb.perception	seen
2569	2569	noun.location	Marsh
2573	2573	noun.animal	rabbits
2576	2576	verb.stative	was
2580	2580	verb.motion	dance
2584	2584	noun.artifact	roads
2588	2588	noun.time	daytime
2592	2592	verb.perception	flash
2596	2596	noun.artifact	lights
2599	2599	noun.artifact	diks
2609	2609	noun.person	smugglers
2615	2615	noun.event	times
2618	2618	verb.contact	lock
2620	2621	noun.artifact	church doors
2623	2623	noun.person	parson
2626	2626	noun.person	clerk
2628	2628	noun.time	Sundays
2636	2636	noun.person	smugglers
2637	2637	verb.contact	layin
2641	2641	noun.artifact	lace
2644	2644	noun.food	brandy
2648	2648	verb.social	run
2654	2654	noun.location	Marsh
2658	2658	verb.communication	told
2660	2660	noun.person	woman
2664	2664	verb.communication	said
2665	2665	noun.person	Hobden
2670	2670	verb.cognition	lay
2682	2682	verb.stative	was
2689	2689	noun.location	place
2691	2691	noun.person	Pharisees
2694	2694	noun.location	Marsh
2698	2698	noun.communication	accounts
2701	2702	noun.person	Queen Bess
2704	2704	noun.person	father
2706	2707	verb.motion	come in
2710	2710	noun.person	Reformatories
2716	2716	verb.stative	be
2718	2718	noun.act	Act
2725	2725	noun.person	Hobden
2726	2726	verb.communication	asked
2736	2736	verb.social	do
2737	2737	noun.quantity	nothing
2739	2740	noun.location	Old England
2751	2751	verb.possession	got
2754	2754	verb.social	allowed
2761	2761	verb.communication	say
2763	2764	noun.person	Queen Bess
2766	2766	noun.person	father
2768	2768	verb.consumption	used
2770	2770	noun.location	parish
2771	2771	noun.artifact	churches
2776	2776	verb.contact	tore
2778	2778	noun.artifact	gizzards
2785	2785	noun.person	folk
2787	2787	noun.location	England
2789	2789	verb.stative	held
2797	2797	verb.cognition	saw
2807	2807	verb.contact	takin
2809	2809	noun.location	sides
2822	2822	noun.location	side
2823	2823	verb.stative	was
2826	2826	noun.time	time
2831	2831	verb.consumption	tarrified
2833	2833	noun.person	Pharisees
2836	2836	noun.group	Goodwill
2838	2838	noun.person	Flesh
2841	2841	noun.person	Blood
2842	2842	verb.stative	is
2843	2843	noun.food	meat
2846	2846	verb.consumption	drink
2854	2854	noun.cognition	will
2855	2855	verb.stative	is
2856	2856	noun.substance	poison
2862	2862	noun.animal	bees
2865	2865	verb.communication	said
2867	2868	noun.person	Bee Boy
2874	2874	verb.motion	stay
2877	2877	noun.artifact	house
2888	2888	verb.communication	said
2889	2889	noun.person	Tom
2893	2893	noun.person	Reformatories
2894	2894	verb.communication	tarrified
2896	2896	noun.person	Pharisees
2900	2900	noun.person	reaper
2901	2901	verb.motion	goin’
2905	2905	noun.artifact	stand
2908	2908	noun.plant	wheat
2909	2909	verb.change	tarrifies
2910	2910	noun.animal	rabbits
2913	2913	verb.consumption	packed
2916	2916	noun.location	Marsh
2919	2919	noun.location	parts
2923	2923	verb.communication	says
2932	2932	verb.motion	flit
2939	2940	noun.location	Merry England
2949	2949	verb.cognition	reckoned
2952	2952	noun.person	Images
2960	2960	verb.cognition	see
2963	2963	noun.location	way
2966	2966	verb.communication	said
2967	2967	noun.person	Hobden
2975	2975	verb.communication	called
2976	2976	noun.person	Robin
2981	2981	verb.cognition	heard
2992	2992	noun.person	Tom
2993	2993	verb.motion	turned
2995	2995	noun.person	Dan
2999	2999	noun.person	Pharisees
3001	3001	noun.event	trouble
3004	3004	verb.communication	tech
3005	3005	noun.person	Robin
3010	3010	verb.contact	cleaved
3015	3015	noun.group	people
3022	3022	verb.cognition	meant
3024	3025	verb.motion	go out
3027	3028	noun.location	Old England
3036	3036	verb.motion	sent
3040	3040	noun.act	help
3042	3042	noun.substance	Flesh
3045	3045	noun.person	Blood
3048	3048	noun.substance	Flesh
3051	3051	noun.person	Blood
3054	3055	verb.cognition	think of
3058	3058	noun.feeling	concerns
3062	3062	noun.person	Robin
3065	3066	verb.social	get through
3074	3074	verb.cognition	thought
3076	3076	verb.stative	was
3077	3077	noun.event	tide
3079	3079	verb.cognition	echoes
3082	3082	noun.object	Marsh
3093	3093	noun.person	fai
3095	3095	noun.person	Pharisees
3096	3096	verb.emotion	want
3099	3099	noun.person	Una
3100	3100	verb.communication	asked
3104	3104	noun.artifact	boat
3111	3112	noun.artifact	liddle wings
3116	3116	verb.motion	cross
3117	3117	noun.object	Channel
3122	3122	noun.animal	butterflies
3125	3125	noun.artifact	boat
3129	3129	noun.group	crew
3131	3131	verb.emotion	desired
3133	3133	verb.motion	sail
3137	3137	noun.location	France
3142	3142	noun.group	folks
3145	3146	verb.contact	tore down
3148	3148	noun.artifact	Images
3153	3153	verb.social	abide
3155	3156	noun.person	Canterbury Bells
3160	3160	noun.location	Bulverhithe
3164	3164	noun.person	men
3167	3167	noun.person	women
3170	3170	verb.change	burnded
3174	3174	noun.person	King
3177	3177	noun.person	messenger
3178	3178	verb.social	ridin
3182	3182	noun.location	land
3183	3183	verb.possession	givin
3185	3185	noun.communication	orders
3187	3188	verb.contact	tear down
3190	3190	noun.location	Images
3195	3195	verb.social	abide
3198	3198	noun.attribute	shape
3205	3205	verb.possession	get
3207	3207	noun.artifact	boat
3210	3210	noun.group	crew
3212	3212	verb.motion	flit
3215	3215	noun.artifact	Leave
3218	3220	noun.attribute	Good - will
3222	3222	noun.person	Flesh
3225	3225	noun.body	Blood
3233	3233	verb.motion	came
3236	3237	verb.social	went about
3240	3240	noun.act	business
3244	3244	noun.location	Marsh
3245	3245	verb.stative	was
3256	3256	noun.person	Pharisees
3259	3259	noun.location	England
3262	3262	verb.social	striving
3264	3264	noun.act	means
3266	3267	verb.motion	get through
3269	3269	noun.substance	Flesh
3272	3272	noun.body	Blood
3274	3274	verb.communication	tell
3278	3278	noun.state	need
3286	3286	verb.cognition	know
3291	3291	verb.communication	heard
3292	3292	verb.communication	say
3293	3293	noun.person	Pharisees
3294	3294	verb.stative	are
3296	3296	noun.animal	chickens
3301	3301	noun.person	woman
3304	3304	verb.communication	say
3309	3309	verb.communication	said
3310	3310	noun.person	Hobden
3312	3312	verb.body	folding
3315	3315	noun.body	arms
3319	3319	verb.stative	be
3322	3322	verb.contact	run
3325	3325	noun.animal	chickens
3331	3331	noun.object	ground
3332	3332	verb.change	sickens
3338	3338	verb.possession	get
3340	3340	noun.act	squat
3345	3345	noun.animal	chickens
3346	3346	verb.change	die
3350	3350	noun.attribute	way
3353	3353	verb.social	crowd
3354	3354	noun.person	Pharisees
3358	3358	noun.location	place
3363	3363	verb.change	die
3366	3366	noun.substance	Flesh
3374	3374	verb.stative	is
3377	3378	verb.body	sick up
3387	3387	verb.communication	mean
3395	3395	noun.person	Blood
3398	3398	verb.cognition	know
3405	3405	noun.communication	truth-—as
3408	3408	verb.perception	heard
3411	3411	noun.person	Pharisees
3416	3417	verb.change	stenched up
3420	3420	verb.emotion	frighted
3427	3428	verb.change	come through
3431	3431	noun.feeling	supplications
3434	3434	noun.attribute	nature
3436	3436	verb.cognition	ally
3437	3437	verb.change	changed
3440	3440	noun.attribute	airs
3442	3442	noun.attribute	humours
3444	3444	noun.substance	Flesh
3447	3447	noun.body	Blood
3450	3450	verb.contact	lay
3453	3453	noun.object	Marsh
3455	3455	noun.event	thunder
3457	3457	noun.group	Men
3458	3458	verb.perception	saw
3460	3460	noun.artifact	churches
3461	3461	verb.change	ablaze
3464	3464	noun.event	wildfire
3467	3467	noun.artifact	windows
3472	3472	verb.perception	saw
3474	3474	noun.animal	cattle
3479	3479	noun.person	man
3480	3480	verb.contact	scarin
3484	3484	noun.animal	sheep
3485	3485	verb.contact	flockin
3489	3489	noun.person	man
3494	3494	noun.animal	horses
3495	3495	verb.contact	latherin
3500	3500	noun.person	man
3505	3505	verb.perception	saw
3507	3507	verb.contact	liddle
3509	3510	noun.attribute	green lights
3518	3518	noun.location	sides
3521	3521	verb.perception	heard
3523	3523	verb.contact	liddle
3524	3524	noun.body	feet
3525	3525	verb.contact	patterin
3532	3532	noun.artifact	houses
3536	3536	noun.time	night
3539	3539	noun.time	day
3541	3541	noun.time	day
3544	3544	noun.time	night
3555	3556	verb.social	creeped up
3560	3560	verb.communication	hinted
3571	3571	verb.creation	shape
3573	3573	noun.event	trouble
3578	3578	verb.cognition	lay
3582	3582	noun.person	Man
3585	3585	noun.person	maid
3587	3587	noun.person	woman
3590	3590	noun.person	child
3593	3593	noun.attribute	nature
3597	3597	noun.act	service
3600	3600	noun.time	weeks
3603	3603	noun.location	Marsh
3609	3609	noun.person	Pharisees
3613	3613	verb.stative	was
3617	3617	noun.person	Blood
3621	3621	noun.location	Marsh
3622	3622	noun.person	men
3627	3627	verb.cognition	reckoned
3629	3629	noun.communication	signs
3630	3630	verb.change	sinnified
3631	3631	noun.event	trouble
3634	3634	noun.location	Marsh
3639	3639	noun.object	sea
3642	3643	verb.motion	rear up
3645	3646	noun.location	Dymchurch Wall
3652	3652	verb.change	drownded
3654	3655	noun.person	Old Winchelsea
3661	3661	verb.stative	was
3667	3668	verb.perception	looked for
3674	3674	noun.object	sea
3678	3678	noun.object	clouds
3688	3688	verb.cognition	thought
3690	3690	verb.perception	look
3694	3694	noun.state	kneehigh
3699	3699	verb.perception	see
3700	3700	noun.quantity	naught
3705	3705	verb.stative	was
3708	3708	noun.person	widow
3710	3710	noun.location	Dymchurch
3713	3713	noun.artifact	Wall
3718	3718	noun.person	man
3720	3720	noun.possession	property
3723	3723	verb.possession	had
3726	3726	noun.time	time
3728	3728	noun.Tops	feeling
3734	3734	verb.cognition	feel
3736	3736	verb.stative	was
3738	3738	noun.state	Trouble
3741	3741	noun.artifact	doorstep
3747	3747	noun.food	aught
3756	3756	verb.possession	had
3758	3758	noun.person	sons
3766	3766	verb.communication	struck
3769	3769	verb.motion	fallin
3773	3773	noun.artifact	Wall
3776	3776	verb.stative	was
3781	3781	noun.person	men
3786	3786	noun.possession	wage
3794	3794	verb.social	worked
3798	3798	verb.possession	keepin
3800	3800	noun.animal	bees
3804	3804	noun.communication	Questions
3809	3809	noun.cognition	sort
3811	3811	noun.communication	questions
3814	3814	verb.communication	said
3815	3815	noun.person	Dan
3821	3821	noun.possession	things
3824	3824	verb.possession	found
3830	3830	verb.communication	put
3834	3834	noun.person	baby
3836	3836	noun.body	neck
3842	3842	verb.social	join
3844	3844	noun.person	sweethearts
3847	3847	verb.cognition	felt
3849	3849	noun.act	Trouble
3852	3852	noun.object	Marsh
3855	3855	noun.attribute	eels
3856	3856	verb.perception	feel
3857	3857	noun.event	thunder
3860	3860	verb.stative	was
3863	3863	noun.person	woman
3868	3868	noun.person	woman
3869	3869	verb.stative	was
3871	3871	noun.phenomenon	weather
3878	3878	verb.communication	said
3879	3879	noun.person	Hobden
3884	3884	verb.perception	seen
3887	3887	verb.weather	sparks
3891	3891	noun.artifact	anvil
3895	3895	noun.body	hair
3897	3897	noun.event	thunderstorms
3902	3903	verb.cognition	laid out
3905	3905	verb.communication	answer
3906	3906	noun.communication	Questions
3911	3911	noun.person	woman
3912	3912	verb.stative	was
3914	3914	noun.person	Seeker
3919	3919	noun.person	Seekers
3922	3922	verb.possession	find
3925	3925	noun.time	night
3929	3929	verb.stative	lay
3938	3938	verb.motion	come
3940	3940	noun.cognition	Dream
3943	3943	verb.contact	tapped
3946	3946	noun.artifact	window
3950	3951	noun.person	Widow Whitgift
3955	3955	verb.communication	said
3958	3959	noun.person	Widow Whitgift
3967	3967	noun.animal	wings
3971	3971	noun.event	whistling
3974	3974	verb.cognition	thought
3976	3976	verb.stative	was
3982	3982	verb.body	arose
3985	3985	verb.body	dressed
3990	3990	verb.change	opened
3992	3992	noun.artifact	door
3995	3995	noun.object	Marsh
4000	4000	verb.cognition	felt
4006	4006	noun.communication	Groaning
4013	4013	noun.state	fever
4016	4016	noun.communication	ague
4021	4021	verb.communication	calls
4042	4042	noun.animal	frogs
4054	4054	noun.animal	reeds
4057	4057	noun.substance	diks
4060	4060	noun.act	clapping
4069	4069	noun.event	wave
4070	4070	verb.motion	rummelled
4073	4073	noun.location	Wall
4080	4080	verb.perception	hear
4085	4085	noun.event	times
4087	4087	verb.communication	called
4092	4092	noun.event	times
4094	4094	noun.person	Tide
4096	4096	noun.event	wave
4099	4099	noun.act	down
4103	4103	verb.perception	catched
4105	4105	noun.attribute	quiet
4111	4112	verb.communication	cries out
4116	4116	verb.stative	is
4118	4118	noun.act	Trouble
4121	4121	noun.object	Marsh
4125	4126	verb.contact	lying down
4129	4129	noun.body	heart
4135	4135	noun.body	body
4137	4137	noun.time	month
4138	4138	verb.motion	gone
4142	4142	verb.perception	felt
4145	4145	noun.body	hand
4146	4147	verb.contact	lay hold
4150	4150	noun.artifact	gown
4152	4152	noun.artifact	hem
4157	4157	verb.motion	stooped
4160	4160	noun.act	pull
4164	4164	noun.substance	liddle
4165	4165	noun.body	hand
4168	4169	noun.person	Tom Shoesmith
4170	4170	verb.contact	spread
4173	4173	noun.body	fist
4176	4176	noun.event	fire
4178	4178	verb.body	smiled
4186	4186	noun.object	sea
4187	4187	verb.contact	drown
4189	4189	noun.location	Marsh
4193	4193	verb.communication	says
4196	4196	verb.stative	was
4198	4198	noun.person	Marsh
4200	4200	noun.person	woman
4211	4211	verb.communication	says
4213	4213	noun.person	liddle
4214	4214	noun.attribute	voice
4218	4218	verb.perception	sound
4231	4231	verb.motion	comin
4235	4235	noun.location	Marsh
4239	4239	verb.communication	says
4242	4242	verb.stative	was
4245	4245	noun.state	ills
4247	4247	verb.cognition	knowed
4251	4251	noun.communication	No
4253	4253	noun.state	Sleep
4254	4254	verb.perception	sound
4262	4262	verb.communication	says
4263	4263	noun.person	Robin
4267	4268	verb.motion	turned about
4273	4274	verb.motion	go in
4279	4279	noun.communication	voices
4280	4280	verb.emotion	grieved
4287	4288	verb.motion	turns back
4293	4293	verb.communication	cries
4298	4298	verb.stative	is
4301	4301	noun.state	Trouble
4303	4303	noun.body	Flesh
4306	4306	noun.person	Blood
4311	4311	verb.social	do
4316	4316	noun.person	Pharisees
4317	4318	verb.communication	cried out
4325	4325	verb.contact	fetch
4328	4328	noun.artifact	boat
4330	4330	verb.motion	sail
4332	4332	noun.location	France
4336	4337	verb.motion	come back
4346	4346	noun.artifact	boat
4353	4353	verb.communication	says
4360	4360	verb.motion	push
4365	4365	noun.object	sea
4368	4368	verb.motion	sail
4372	4372	verb.stative	tis
4378	4378	verb.possession	Lend
4381	4381	noun.person	sons
4384	4384	verb.communication	says
4387	4387	noun.person	Pharisees
4390	4390	verb.possession	Give
4395	4397	noun.communication	Good - will
4399	4399	verb.motion	sail
4404	4404	noun.person	Mother
4406	4407	noun.person	O Mother
4424	4424	verb.communication	says
4438	4438	verb.competition	lose
4443	4443	noun.object	sea
4447	4447	noun.communication	voices
4449	4449	verb.contact	pierced
4456	4456	verb.stative	was
4457	4457	noun.person	childern
4459	4459	noun.communication	voices
4463	4463	verb.stative	stood
4474	4474	verb.contact	stand
4480	4480	verb.communication	says
4486	4486	verb.contact	draw
4488	4488	noun.person	sons
4491	4491	noun.act	job
4496	4496	verb.social	hinder
4502	4502	verb.communication	ask
4504	4504	noun.quantity	more
4507	4507	noun.person	Mother
4511	4511	verb.perception	saw
4513	4513	verb.contact	liddle
4515	4515	noun.phenomenon	lights
4516	4516	verb.motion	dance
4519	4519	noun.artifact	cross
4522	4522	verb.stative	was
4526	4526	verb.perception	heard
4529	4529	noun.body	feet
4534	4534	noun.quantity	thousand
4537	4537	verb.perception	heard
4539	4540	noun.location	Canterbury Bells
4541	4541	verb.perception	ringing
4543	4543	noun.location	Bulverhithe
4548	4548	verb.perception	heard
4551	4551	noun.event	Tide
4553	4553	noun.event	wave
4554	4554	verb.stative	ranging
4557	4557	noun.artifact	Wall
4560	4560	verb.stative	was
4563	4563	noun.person	Pharisees
4565	4565	verb.creation	workin
4568	4568	noun.act	Dream
4570	4570	verb.body	wake
4573	4573	noun.person	sons
4580	4580	verb.contact	bit
4583	4583	noun.body	fingers
4585	4585	verb.perception	saw
4591	4592	verb.change	come out
4595	4595	verb.motion	pass
4600	4600	noun.communication	word
4603	4603	verb.motion	followed
4613	4613	noun.artifact	boat
4616	4616	noun.location	Wall
4622	4622	verb.cognition	took
4625	4625	verb.motion	runned
4629	4629	noun.object	Sea
4635	4636	verb.motion	stepped mast
4639	4639	verb.motion	sail
4642	4642	noun.person	son
4643	4643	verb.communication	speaks
4646	4646	noun.person	Mother
4650	4650	verb.social	waitin
4656	4658	noun.attribute	Good - will
4660	4660	verb.motion	take
4666	4667	noun.person	Tom Shoesmith
4668	4668	verb.motion	threw
4671	4671	noun.body	head
4674	4674	verb.contact	shut
4676	4676	noun.body	eyes
4685	4685	verb.communication	said
4689	4689	verb.stative	was
4694	4694	noun.person	woman
4697	4698	noun.person	Widow Whitgift
4701	4701	verb.contact	stood
4709	4709	noun.body	hair
4712	4712	noun.body	fingers
4717	4717	verb.body	shook
4720	4720	noun.person	poplar
4726	4726	noun.cognition	mind
4729	4729	noun.person	Pharisees
4733	4733	verb.social	hushed
4735	4735	noun.person	children
4742	4742	verb.stative	waited
4748	4748	verb.stative	was
4751	4751	noun.state	dependence
4765	4765	verb.motion	pass
4769	4769	verb.stative	was
4771	4771	noun.person	Mother
4775	4775	verb.body	shook
4778	4778	noun.food	aps
4780	4780	noun.plant	tree
4790	4790	verb.motion	drives
4792	4792	noun.communication	word
4795	4795	noun.body	teeth
4803	4803	verb.communication	says
4809	4809	noun.artifact	Leave
4812	4812	noun.location	Goodwill
4818	4818	verb.perception	saw
4823	4823	verb.communication	say
4828	4828	verb.motion	brace
4835	4835	verb.motion	wadin
4838	4838	noun.phenomenon	tide
4840	4840	noun.substance	water
4844	4844	noun.person	Pharisees
4847	4847	verb.motion	flowed
4853	4853	noun.object	beach
4856	4856	noun.artifact	boat
4859	4859	verb.communication	dunnamany
4865	4865	noun.person	wives
4868	4868	noun.person	children
4871	4871	noun.person	valooables
4879	4880	noun.location	Old England
4882	4882	noun.substance	Silver
4885	4885	verb.perception	hear
4891	4891	noun.object	liddle
4892	4892	verb.contact	bundles
4893	4893	verb.motion	hove
4898	4898	noun.location	bottom
4900	4900	noun.substance	boards
4907	4907	verb.contact	liddle
4908	4908	noun.body	swords
4911	4912	noun.person	shields raklin
4917	4917	verb.contact	liddle
4918	4918	noun.body	fingers
4921	4921	noun.body	toes
4926	4926	noun.artifact	boatside
4928	4928	verb.contact	board
4933	4933	noun.person	sons
4934	4934	verb.contact	pushed
4939	4939	noun.artifact	boat
4941	4941	verb.change	sunk
4950	4950	noun.person	Widow
4952	4952	verb.perception	see
4955	4955	verb.stative	was
4957	4957	noun.person	boys
4958	4958	verb.competition	movin
4967	4967	noun.artifact	tackle
4978	4978	verb.motion	went
4983	4983	noun.substance	Rye
4984	4984	noun.artifact	barge
4990	4990	noun.object	mistes
4995	4996	noun.person	Widow Whitgift
4998	4999	verb.motion	sat down
5001	5001	verb.body	eased
5003	5003	noun.feeling	grief
5007	5007	noun.phenomenon	light
5013	5013	verb.cognition	heard
5015	5015	verb.stative	was
5020	5020	verb.communication	said
5021	5021	noun.person	Hobden
5025	5025	verb.cognition	remember
5030	5030	verb.communication	called
5031	5031	noun.person	Robin
5033	5033	verb.stative	stayed
5038	5038	verb.communication	tell
5041	5041	verb.stative	was
5046	5046	verb.perception	listen
5049	5049	noun.communication	promises
5061	5061	noun.communication	bargain
5066	5066	verb.communication	told
5068	5068	noun.person	woman
5072	5072	noun.person	Hobden
5073	5073	verb.communication	cried
5076	5076	noun.communication	No
5079	5079	verb.possession	loaned
5081	5081	noun.person	sons
5085	5085	noun.feeling	love
5087	5087	noun.possession	loan
5093	5093	verb.perception	sensed
5098	5098	noun.location	Marshes
5102	5102	verb.stative	was
5108	5108	verb.body	ease
5112	5112	noun.person	Tom
5113	5113	verb.body	laughed
5118	5118	verb.social	done
5124	5124	verb.social	done
5128	5128	noun.person	Hithe
5130	5130	noun.person	Bulverhithe
5133	5133	noun.person	man
5137	5137	noun.person	maid
5141	5141	noun.person	woman
5146	5146	noun.person	child
5149	5149	verb.social	took
5151	5151	noun.attribute	advantage
5154	5154	noun.relation	change
5158	5158	noun.attribute	airs
5165	5165	noun.person	Pharisees
5166	5166	verb.motion	flitted
5168	5168	noun.person	Folks
5169	5170	verb.change	come out
5178	5178	noun.location	Marsh
5180	5180	noun.animal	snails
5182	5182	noun.substance	wet
5189	5190	noun.person	Widow Whitgift
5191	5191	verb.contact	sat
5196	5196	noun.artifact	Wall
5207	5207	verb.emotion	trusted
5209	5209	noun.person	sons
5212	5213	verb.motion	sent back
5216	5216	verb.emotion	fussed
5223	5223	noun.artifact	boat
5224	5225	verb.motion	come in
5228	5228	noun.time	days
5238	5238	noun.person	sons
5242	5242	verb.body	cured
5245	5245	verb.communication	said
5246	5246	noun.person	Una
5249	5249	noun.communication	No
5255	5255	verb.stative	been
5259	5259	noun.attribute	Nature
5262	5262	verb.possession	got
5267	5267	verb.motion	sent
5271	5272	noun.person	blind man
5276	5276	verb.perception	seen
5285	5285	noun.person	man
5286	5286	noun.attribute	nature
5288	5288	noun.person	ally
5293	5293	verb.communication	say
5299	5299	verb.perception	seen
5302	5302	verb.cognition	reckon
5304	5304	verb.stative	was
5307	5307	noun.person	Pharisees
5308	5308	verb.possession	pitched
5313	5313	noun.act	ferrying
5314	5314	noun.act	job
5325	5325	noun.person	Robin
5326	5326	verb.communication	promise
5328	5328	noun.person	Widow
5331	5331	verb.communication	said
5332	5332	noun.person	Dan
5338	5338	verb.communication	promise
5343	5343	noun.person	Tom
5344	5344	verb.communication	pretended
5346	5346	verb.cognition	think
5352	5352	noun.person	woman
5354	5354	noun.person	Whitgift
5356	5356	noun.person	Ralph
5362	5362	verb.communication	say
5367	5367	verb.communication	told
5370	5370	noun.communication	passel
5375	5375	noun.cognition	sense
5376	5376	noun.substance	stuff
5383	5383	noun.person	Hobden
5384	5384	verb.communication	pointed
5387	5387	noun.person	son
5394	5394	verb.stative	be
5400	5400	verb.perception	see
5404	5404	noun.artifact	millstone
5417	5417	verb.communication	said
5419	5420	noun.person	Bee Boy
5426	5426	verb.body	laughed
5431	5431	verb.possession	got
5436	5436	verb.communication	cried
5437	5437	noun.person	Tom
5439	5439	verb.contact	slapping
5441	5441	noun.body	knee
5447	5447	noun.person	Whitgift
5448	5448	noun.body	blood
5449	5449	verb.stative	lasted
5451	5451	noun.person	Robin
5452	5452	verb.communication	promised
5456	5456	verb.stative	be
5461	5461	noun.possession	stock
5469	5469	verb.communication	lie
5473	5473	noun.person	Maid
5476	5476	verb.body	sigh
5480	5480	noun.time	Night
5482	5482	verb.emotion	frighten
5485	5485	noun.person	Fright
5487	5487	verb.social	harm
5492	5492	verb.creation	make
5493	5493	noun.attribute	sin
5498	5498	noun.person	Woman
5500	5500	verb.change	make
5502	5502	noun.person	fool
5516	5516	verb.communication	said
5518	5519	noun.person	Bee Boy
5523	5523	verb.contact	sat
5527	5527	noun.shape	square
5531	5531	noun.time	September
5532	5532	noun.object	moon
5535	5535	verb.perception	staring
5538	5538	noun.artifact	oasthouse
5539	5539	noun.artifact	door
5543	5543	verb.stative	was
5546	5546	noun.communication	words
5548	5548	verb.communication	told
5553	5553	verb.perception	found
5555	5555	verb.stative	was
5562	5562	verb.stative	beats
5566	5566	verb.cognition	known
5570	5570	verb.communication	said
5571	5571	noun.person	Hobden
5581	5581	noun.artifact	hat
5583	5583	noun.body	hair
5586	5586	noun.person	Tom
5587	5587	verb.body	laughed
5589	5589	verb.body	stretched
5596	5596	verb.perception	seen
5599	5600	noun.person	young folk
5605	5605	verb.change	make
5607	5607	noun.time	night
5610	5610	noun.time	days
5612	5612	noun.person	Ralph
5615	5615	noun.communication	passin
5617	5618	noun.communication	old tales
5627	5627	verb.stative	live
5631	5631	verb.communication	said
5636	5636	noun.person	Dan
5643	5643	verb.cognition	think
5645	5645	noun.person	Pa
5648	5648	verb.possession	give
5651	5651	noun.food	drink
5653	5653	verb.contact	takin
5658	5658	noun.person	Missy
5662	5662	verb.body	giggled
5670	5671	verb.motion	run out
5673	5673	noun.person	Tom
5674	5674	verb.contact	picked
5679	5679	verb.contact	set
5684	5684	noun.body	shoulder
5687	5687	verb.motion	tramped
5691	5691	noun.location	pasture
5694	5694	noun.animal	cows
5695	5695	verb.consumption	puffed
5697	5697	noun.substance	puffs
5702	5702	noun.phenomenon	moonlight
5707	5707	noun.person	Puck
5709	5709	noun.person	Puck
5712	5712	verb.cognition	guessed
5718	5719	verb.communication	talked about
5721	5721	noun.substance	salt
5731	5731	noun.person	Una
5732	5732	verb.communication	cried
5734	5734	verb.motion	swinging
5739	5739	verb.social	Do
5744	5744	verb.communication	said
5747	5747	verb.motion	climbed
5749	5749	noun.artifact	stile
5752	5753	noun.plant	pollard oak
5756	5756	verb.communication	Pretend
5758	5758	verb.stative	be
5759	5760	noun.person	Tom Shoesmith
5763	5763	verb.communication	said
5764	5764	noun.person	Dan
5768	5768	verb.motion	ducked
5770	5770	verb.competition	avoid
5774	5774	noun.plant	ashes
5776	5776	verb.change	grow
5779	5779	noun.artifact	bridge
5782	5782	noun.object	brook
5784	5784	noun.person	Tom
5787	5787	verb.motion	running
5793	5793	verb.stative	’s
5795	5795	noun.communication	name
5797	5797	noun.person	Mus
5799	5799	noun.person	Dan
5803	5803	verb.communication	said
5805	5805	verb.motion	hurrying
5810	5810	noun.location	lawn
5814	5814	noun.animal	rabbit
5815	5815	verb.contact	sat
5821	5821	noun.plant	thorn
5824	5824	noun.plant	croquet
5825	5825	noun.object	ground
5830	5830	verb.stative	be
5834	5834	verb.motion	strode
5838	5838	noun.artifact	kitchen
5839	5839	noun.artifact	yard
5842	5842	verb.motion	slid
5846	5846	noun.person	Ellen
5847	5847	verb.change	came
5849	5849	verb.communication	ask
5850	5850	noun.communication	questions
5855	5855	verb.social	helping
5857	5857	noun.person	Mus
5859	5859	noun.person	Spray
5863	5863	noun.artifact	house
5867	5867	verb.communication	said
5872	5872	noun.communication	No
5875	5875	verb.stative	’m
5877	5877	noun.person	foreigner
5880	5880	verb.cognition	knowed
5882	5882	noun.location	country
5886	5886	noun.person	Mother
5888	5888	verb.change	born
5890	5890	noun.person	an’—yes
5894	5895	noun.artifact	dry work
5896	5896	noun.act	oasting
5898	5899	noun.person	Miss. Thank
5900	5900	noun.communication	you
5903	5903	noun.person	Ellen
5904	5904	verb.motion	went
5906	5906	verb.contact	get
5908	5908	noun.artifact	jug
5912	5912	noun.person	children
5913	5914	verb.motion	went in
5916	5916	verb.contact	magicked
5920	5920	noun.person	Oak
5922	5922	noun.person	Ash
5925	5925	noun.plant	Thorn
